0.023039012844043,0.091465223540018,0.314997287939262,
0.048286943400841,0.013608816937403,0.278907572516646,
0.08208024328137,0.077739096179507,0.135811231792024,
0.100783802673753,0.185009267038133,0.030669058592188,
0.106633920615927,0.262832448115685,0.162384594089894,
0.103508841185512,0.32476060558168,0.287917775523181,
0.12043095959186,0.274613799438122,0.349178938577019,
0.137000085962221,0.202123628577225,0.400136828735926,
0.159226740998906,0.137218665416753,0.404058121490047,
0.179384083928786,0.07171343140895,0.410437456515205,
0.198713321197725,0.016522121538642,0.418467107533555,
0.206882392485961,0.036231303658949,0.470769382761026,
0.207388793438217,0.079993508807726,0.543413233625221,
0.202120906328517,0.051866257853433,0.628130727992138,
0.196720541927351,0.006151899626773,0.697426420287762,
0.195822848698058,0.040969651181749,0.74033227829637,
0.207074160369217,0.025202487204905,0.746173228484659,
0.228743671583282,0.021141324182241,0.716860226370796,
0.235681394402675,0.054459932394095,0.701843319460322,
0.231975330342556,0.125716225790683,0.689915575449601,
0.234813676794078,0.174232699391444,0.647593469601663,
0.24218880146432,0.177992869645691,0.584405813203631,
0.253053161470002,0.152793254715626,0.497785114487505,
0.261085964282428,0.106205938036262,0.398592535686288,
0.262672707853201,0.050865452001569,0.293344117265676,
0.251251836639174,0.007760252759382,0.231138377686642,
0.240960506728619,0.019858519243797,0.153164494919153,
0.231825203283968,0.022030325088807,0.052928306288607,
0.222420142746341,0.024054348923748,0.014300560151795,
0.217150822080035,0.008786981738015,0.062857269372858,
0.217567944863193,0.04197817149951,0.080320354275205,
0.22577066889721,0.044206225801268,0.054911281934644,
0.239105356699105,0.017766489981874,0.002352217445154,
0.25271985946479,0.021368196525032,0.074652610687409,
0.264757724494814,0.057417667651813,0.140689466531186,
0.273122721573129,0.100546541583304,0.208501528090381,
0.273059747595613,0.134605351494778,0.299584826651509,
0.26616527851115,0.1643863985089,0.385489114623676,
0.256511012448581,0.196447393099653,0.448202630162959,
0.24685462394142,0.209702005040367,0.491696903755293,
0.243829870403077,0.191357004742698,0.502349519029739,
0.262671110652436,0.136225856892706,0.426977908459362,
0.280600552901707,0.07185133882395,0.307280848148134,
0.27727025034973,0.024432946752892,0.233352956052096,
0.261283201862548,0.055079129063446,0.209625709026642,
0.240905426350232,0.124026891307854,0.195684385343057,
0.221994107079831,0.132444908937637,0.201187254067104,
0.204499070467556,0.100515423290976,0.224154176993723,
0.189052145829023,0.04346510499058,0.235834456763151,
0.176634211101652,0.028659483398576,0.211913475646748,
0.162304514612403,0.091719823085559,0.185508664377359,
0.146406749421961,0.123587856796817,0.183388972473843,
0.137253781297083,0.102725190936226,0.155012146806773,
0.126604900029279,0.099977339668987,0.148353585474794,
0.118918878809244,0.074871650794107,0.144868619013184,
0.110754798833999,0.064392619225597,0.168000996109737,
0.103273432356464,0.079689405710455,0.196500377548197,
0.095517914807637,0.116239223611238,0.231061149255693,
0.086616371066176,0.141081359643436,0.281310967926113,
0.080413108412002,0.125419557530083,0.326028217371838,
0.076814902345681,0.102665923695436,0.35047983948123,
0.072224594667161,0.126804713953253,0.3622666733732,
0.066453341508422,0.171526958776727,0.367699132925581,
0.061905067648792,0.19662458081037,0.369622394267033,
0.060356142076934,0.189459526001992,0.369447014059119,
0.062056211218565,0.165749871421095,0.35948377455779,
0.058276362883503,0.171654416874841,0.369093963430771,
0.055181379512347,0.172118436073727,0.380382794865115,
0.054217392502049,0.14815809888441,0.3919655731454,
0.051236247237633,0.151493010947898,0.405160280074061,
0.050627792130721,0.155313309202085,0.407597375651773,
0.043933288683997,0.189845436892252,0.428345490037156,
0.04503866826366,0.176202146191618,0.428898969214822,
0.039702384005508,0.192384614026071,0.446039381885038,
0.042378880748446,0.157378798223603,0.441363958322398,
0.040549213584733,0.160564854275264,0.439930375057961,
0.039720928730423,0.152668781177085,0.432567851720977,
0.042971978492155,0.112475189919964,0.408414771423463,
0.048141238248127,0.060234697777711,0.36574758685079,
0.049758426990182,0.017945629385054,0.329006390247726,
0.049858001016801,0.019938798778023,0.293466175779415,
0.048621549447347,0.046036415183826,0.26422228925309,
0.047896972782706,0.057093324552562,0.23461965674907,
0.048484302271055,0.070846715727482,0.195288365991284,
0.050678688893891,0.069470634651123,0.146222132622445,
0.054077037239716,0.029045776257313,0.09708460665059,
0.057080989938382,0.020162350032444,0.044815524946191,
0.058758685706565,0.080263447898853,0.000405432494218,
0.059726071828592,0.13009998555908,0.049480080661748,
0.06191424071612,0.151251918221774,0.10105698354663,
0.063153860221168,0.1727445462952,0.16150627836019,
0.064350596314476,0.198816853135125,0.210219690348488,
0.067753966348876,0.192234087116835,0.26321384560112,
0.07160156875844,0.181641998718591,0.310319707637505,
0.076670301472127,0.186001139936175,0.337229777881455,
0.080640860434411,0.172332104398271,0.373539333551602,
0.088394262785845,0.1976739318561,0.365610844712988,
0.097771012218148,0.179356813810096,0.361423141410964,
0.106763195566576,0.188144568043227,0.335204815682041,
0.109357166468365,0.239577615568934,0.30276050813452,
0.109633430348225,0.306523374407917,0.237105381827655,
0.102477745829237,0.373079332840761,0.180530394538123,
0.091883422594909,0.438040817019121,0.090383918312795,
0.095464338223022,0.41639518271248,0.012478756482438,
0.094534982312685,0.396992805919385,0.068179796341933,
0.09075164357003,0.37475263544095,0.138991620655624,
0.081220444446315,0.368063446105746,0.204382338643897,
0.078960773445005,0.34580654156251,0.209585134190903,
0.068764103143348,0.364579161350408,0.223664261723341,
0.055850793859119,0.396681443054995,0.247277143497292,
0.057405593954775,0.357236096712826,0.271082975624691,
0.062082043480106,0.27141115777123,0.317659581386201,
0.069126175829559,0.168774133000792,0.333695286363784,
0.067813035479654,0.118185393346029,0.358484046204886,
0.059905493023684,0.122171959089681,0.400491319208274,
0.054044425537289,0.112637932211943,0.434490678370581,
0.048039220220828,0.133095172246153,0.459623066018729,
0.040079448371197,0.158388114955808,0.488015531641601,
0.031784333755953,0.188434857903248,0.511056367737537,
0.028370784271699,0.172930191760396,0.522924958636641,
0.030848394085222,0.1375966330143,0.511065137072761,
0.033713872811173,0.132516691128509,0.484750434539333,
0.033812659889774,0.110136538224543,0.468608280298161,
0.037817663706005,0.036331287315015,0.43606834703673,
0.041884298363011,0.025478530156251,0.387646362300993,
0.043408441443223,0.047870065291504,0.345460347746521,
0.043528714694634,0.024456006325908,0.315819003922893,
0.045453561995175,0.032223091933475,0.272046120693145,
0.048670444396863,0.047394870653011,0.215697979637431,
0.053188566223585,0.030269891593397,0.14989259724213,
0.056382460589163,0.011230136157848,0.103972669766329,
0.06080278587502,0.013717027459293,0.028194152371399,
0.06390766471346,0.048871642845388,0.042476642603811,
0.065822270370069,0.103669893963828,0.093748432521743,
0.067579993957714,0.129215418177685,0.156089021388129,
0.069497040594286,0.152673077078309,0.206174369993513,
0.069568116399464,0.159585092877294,0.27208418312325,
0.071555057936013,0.172099812115646,0.309386954115121,
0.07289765798646,0.15622974828531,0.354749052914987,
0.071866465091439,0.160141558832392,0.392786630667806,
0.071935512976371,0.164310681566821,0.414545677298764,
0.07215098981946,0.156777169331833,0.429883616117466,
0.067895854796491,0.145047692384491,0.456312997563495,
0.071062729090344,0.145040058370448,0.439122823994145,
0.073004008348004,0.135057455553571,0.421843861722097,
0.07695650652693,0.183762037334282,0.36545779020239,
0.076344472752086,0.256184557014114,0.29557636410964,
0.069181739265786,0.344965810762805,0.211747829826066,
0.062232112118846,0.404517362575959,0.11656045444229,
0.05650612906215,0.441210917651875,0.001909153741663,
0.05356754152726,0.444287075615268,0.130433124660255,
0.061027898956139,0.379687848259977,0.242318820118227,
0.064211323055747,0.336580311497289,0.313779664474315,
0.060390238374104,0.353117346847542,0.359872076765991,
0.051814269602133,0.391671844068258,0.411853781159071,
0.049344313162938,0.394095947502576,0.463108672074746,
0.06788838026077,0.29300793814904,0.487656258811031,
0.087686587190666,0.154363400462184,0.496930256625167,
0.094381740149548,0.067526071909658,0.516937680612526,
0.084708001072962,0.035932662880487,0.575950198652718,
0.072083634620801,0.003864198823046,0.632981156027912,
0.062709392512996,0.028162452267998,0.670356826940679,
0.057487819964716,0.092986392891998,0.684967219331755,
0.052295378476624,0.130672715029214,0.690758360876082,
0.05003410519894,0.150234211517498,0.680897288245039,
0.050838024930778,0.104441740030095,0.661427737428984,
0.059532161769068,0.01022171177938,0.60826149289269,
0.065459612961873,0.060150536627521,0.542759444702515,
0.066895420828829,0.030111673959706,0.488408118135135,
0.063461037035172,0.02420736856923,0.448250044919539,
0.063883070439164,0.020972119894596,0.390972171156265,
0.058877521552723,0.070973323686915,0.360211520165651,
0.061309678239148,0.072212966647204,0.303420233130497,
0.066051686129922,0.093784231321283,0.234927947616558,
0.07310821788763,0.109529958307674,0.161082027501911,
0.084462499217752,0.092820048453461,0.074512797137926,
0.096724420663501,0.088798627444457,0.00050919285807,
0.111771529058553,0.080151015321658,0.066258982840091,
0.127095104308766,0.106159313195565,0.133799936771382,
0.146599090252844,0.125792770152522,0.167297020646522,
0.167796572320525,0.143019197779864,0.193900181056289,
0.189288052959511,0.168388752380279,0.206058266940856,
0.206302129143267,0.223875925350219,0.206350322040757,
0.218847314030443,0.27177034108458,0.210722182735688,
0.231533260210045,0.29416782936827,0.205089556527069,
0.242385221203843,0.293893510289949,0.204984347988004,
0.250473891061083,0.273413439020882,0.210396078407931,
0.250733630135111,0.262652882882346,0.216963344658771,
0.241294764694365,0.289492687284569,0.204549364588535,
0.228056734999664,0.309705775092425,0.18342813718484,
0.208461692473687,0.342244265884548,0.14427375049363,
0.186177920471401,0.349694711506416,0.141200785076176,
0.154258545258603,0.385108537785587,0.147674227151477,
0.123620646285827,0.409928261614003,0.145222606627555,
0.108317676574377,0.354370953170298,0.165298633502031,
0.094980893913341,0.303499554449572,0.14461764471881,
0.084911797728752,0.234553162128389,0.12759972689005,
0.070441689688577,0.239269476513507,0.070526370052409,
0.053704483412304,0.285217742255929,0.024640735223795,
0.028137304922794,0.394856920859769,0.068161643821895,
0.020265181484424,0.411571260082198,0.150795577119381,
0.009692252215729,0.427838306271399,0.275345798016518,
0.013309862596609,0.378856405333809,0.366543118174526,
0.010316782040499,0.36607429338532,0.445254934836592,
0.001919844921508,0.385949507561001,0.515072966461804,
0.006375136165705,0.368256272995332,0.54635760017521,
0.010640543134681,0.33504212449308,0.578318946787229,
0.021278076905186,0.245294007326313,0.598250954195649,
0.03349047938472,0.153431053914208,0.594469215194545,
0.043849537432558,0.069602583750643,0.578382707546665,
0.044880625206742,0.008692448849288,0.577548235579868,
0.039030183062592,0.089009506353242,0.585228458538526,
0.034202708119518,0.130283488894778,0.583076692538649,
0.031846461424479,0.101764320873088,0.57685028090657,
0.035106098792671,0.087956374469809,0.541044710906531,
0.040736076680112,0.059851037843355,0.487688282400831,
0.044576256377606,0.027337719784618,0.430163243445797,
0.049187209882772,0.00235056423158,0.356056417468628,
0.053320712146073,0.04041414438514,0.26807391908129,
0.05453166868071,0.084041008121001,0.183587095591416,
0.05406610694271,0.131657516240466,0.104015962002029,
0.056962969919465,0.137089919513422,0.014407419023238,
0.060504592747401,0.14942229615772,0.069508410281504,
0.065183799837733,0.171329155817279,0.146380199697894,
0.072777586823313,0.196885926045896,0.203617285591677,
0.086410644822587,0.199357875192789,0.242539943755685,
0.103924458488651,0.196160155860792,0.26578995431283,
0.121644276644001,0.212280770748152,0.274260658232057,
0.13763418039454,0.248560736852924,0.267115477074681,
0.152891129680879,0.282831562326829,0.241732491807439,
0.166107006051733,0.299982194378124,0.217457149704069,
0.174042778614464,0.316084095632412,0.196906036281698,
0.177003262762489,0.323691843201563,0.188026235991352,
0.177650330994218,0.315622057595844,0.18022903847933,
0.173099921152203,0.2982372996595,0.192382792674559,
0.167296824526234,0.275593713132619,0.181979646618578,
0.15691801979351,0.244690907649838,0.189884385560762,
0.139337097522085,0.25929020946785,0.178529644573819,
0.1225930699125,0.246251065374815,0.180347478107876,
0.105592448124714,0.220734147827997,0.192381766649662,
0.092362196881485,0.162232103180824,0.196931213474049,
0.080217825334126,0.089518029583769,0.191400145477935,
0.067257724543563,0.042177926759713,0.179225526225549,
0.055884448589814,0.049756860199572,0.145175964891756,
0.04424049427725,0.097276037382059,0.098473658553038,
0.026918344073729,0.191290335412433,0.062152117832385,
0.006484235910491,0.273667143552176,0.02629626895223,
0.014342650007761,0.335182674037079,0.005600903313752,
0.030169912919012,0.356689534032732,0.004454771872936,
0.03945046905469,0.336307750688884,0.003811869260707,
0.047198806355516,0.304421977015154,0.030294041821473,
0.053997814626261,0.263052239185158,0.074157782282634,
0.060815544819952,0.237958877044428,0.089917394382687,
0.064638427386727,0.200923067567387,0.109147686982375,
0.067583957179046,0.174233789879571,0.137901827748463,
0.068438901140359,0.15194153802583,0.171758417951146,
0.065717798542147,0.085595947849371,0.223774768045511,
0.057687740966921,0.061547351340058,0.234767333012938,
0.045984183592257,0.027635033098456,0.250952695572861,
0.029982392623823,0.074776079082001,0.248124155143817,
0.012574263963312,0.154227611767559,0.233688195826395,
0.004165050504745,0.253156689810531,0.191842296045098,
0.018171600670701,0.345528968735323,0.130001169379223,
0.037054175330532,0.381006108584191,0.06137051015931,
0.047348065365746,0.436588059981436,0.01277821094278,
0.052410689772747,0.47948841794109,0.126691462771525,
0.071697192355809,0.436935135332303,0.206563805414472,
0.089800326024272,0.376338828556844,0.256250325316477,
0.103191795080513,0.331334572629475,0.262940694805414,
0.105378436610334,0.331348770305044,0.258042295987359,
0.10778929066444,0.309691909949637,0.249715319120944,
0.126724818466439,0.188788927118383,0.174415851518434,
0.129628941436973,0.104483159047114,0.139907923845657,
0.127699490576405,0.042532389120764,0.106844244123533,
0.121710283696748,0.020420405827798,0.118300024485251,
0.115702375675412,0.004739510536703,0.136880993923316,
0.110698365555843,0.003962012795543,0.143787550608875,
0.10410799998486,0.048556895813226,0.162308867273617,
0.096070730347093,0.099664311753801,0.175583519486453,
0.090263453198223,0.115177994845416,0.167382834949956,
0.08193348095888,0.160903949598561,0.15282767820835,
0.068804641438534,0.226343362522732,0.155086952507343,
0.061022297638263,0.253324925669615,0.12449223604961,
0.056233162396672,0.257912936403764,0.085859406675496,
0.055631572416179,0.232188910553897,0.046634090130459,
0.058402708068883,0.178292441730445,0.004159443203433,
0.060692224365694,0.132200494743587,0.025253760437598,
0.063068998705409,0.110698893099959,0.028738381293122,
0.067703467141812,0.062868141618272,0.057508228118131,
0.070743041706046,0.113863281271162,0.051139952063734,
0.075960743861321,0.135403490183025,0.057250879646438,
0.079563423284416,0.189331233249884,0.057075892849315,
0.08313852501719,0.242213311226121,0.039937233258794,
0.089095746988082,0.270355145919195,0.030521312605391,
0.094386173066107,0.300617647273757,0.000251816438638,
0.102575146925607,0.302979907266334,0.04534376505558,
0.109745772363889,0.304854679974643,0.061511477062299,
0.099039754761371,0.380013802577243,0.129756570447775,
0.103582601569622,0.375648264504318,0.138071215854896,
0.105966776611104,0.369594600141221,0.151005121193738,
0.115106140069946,0.319130124588452,0.154781529684371,
0.125738558537829,0.237889130974526,0.153120077031729,
0.132004807112361,0.168462477222418,0.131190513634477,
0.127260801371447,0.171669464884594,0.142103122512459,
0.123266296661909,0.157718342374338,0.156626818855138,
0.118972514308163,0.146715157953404,0.164131173991853,
0.110305072550707,0.181776806762569,0.171340658898513,
0.105834048179605,0.172721330858601,0.170359968942572,
0.101261709165133,0.168495757178308,0.162415363758363,
0.09503000537708,0.190111861481857,0.146907697844365,
0.089379452353965,0.19840275780446,0.146754963852178,
0.084456889416032,0.200092372579182,0.156335332940145,
0.082960223987699,0.1755956165937,0.164476818449382,
0.084607843450125,0.15249958176362,0.138930764995872,
0.075062160144038,0.236161034883524,0.143841028192138,
0.069107277159884,0.280245570005561,0.152374873648956,
0.072329141272335,0.261081705589808,0.164834818523645,
0.08605396291364,0.171665929360767,0.147963866185166,
0.091497844383337,0.150156498334689,0.149443939387974,
0.093891434231456,0.167509371088947,0.16277109334838,
0.097568105580521,0.183460338022253,0.167553024279993,
0.099597146367232,0.207311853978683,0.181954121511262,
0.107481203806742,0.189307838787056,0.176652180682031,
0.118682255532942,0.149578694921142,0.148795652537592,
0.12280270640556,0.169982409264314,0.139987734369472,
0.129344054180171,0.163272646550981,0.12625595249351,
0.138375342824066,0.13257860927682,0.093936545235201,
0.144833493348753,0.120522092136811,0.068379324072366,
0.150676344306305,0.112799316551133,0.037082907870809,
0.154525924446282,0.122886714971727,0.031076790863743,
0.160248280177358,0.101616645752368,0.004456294622459,
0.163650266702103,0.106528454466061,0.0143945616995,
0.165155997786781,0.128674375889938,0.030837814458317,
0.163770598896713,0.162407097398447,0.069355172214709,
0.158373019126608,0.223594759665328,0.082046723842931,
0.160468664896866,0.193266848774542,0.126726911888485,
0.161393175590894,0.145716777605039,0.177027032870033,
0.159218837550977,0.100474780902493,0.227677162010999,
0.157525073503123,0.063828504777413,0.255769937298292,
0.155862148251483,0.042668210688002,0.273494834495869,
0.154933049198393,0.052225130882249,0.277862004473657,
0.15402580875561,0.097523749061777,0.266951193189833,
0.149337134344309,0.174389651208463,0.247380066560822,
0.141094421824052,0.23499876281143,0.235371669442872,
0.13643938296322,0.267618574917694,0.1991462910668,
0.136269269958458,0.219853018969043,0.204928945353414,
0.135587654637484,0.182872355549286,0.181610407168968,
0.12708359353704,0.16245343585061,0.203392065055419,
0.117225005074359,0.216150546040533,0.163721560366311,
0.112787914720598,0.202325213078814,0.13900217582914,
0.109011015322115,0.191207060936146,0.108045498818622,
0.10684700634943,0.170661408951495,0.08328280479755,
0.104455896507504,0.17876542969411,0.02704159286878,
0.1028081797354,0.186667759690708,0.021221634465745,
0.101130911168002,0.194498052362825,0.094283819557292,
0.105224679132975,0.140824622443882,0.151427060531507,
0.102642845662202,0.128686248623484,0.228036077952128,
0.099240029830398,0.107554133447513,0.295082410044973,
0.09575370554976,0.108682951196356,0.340381301455872,
0.093562541236526,0.133674432034055,0.362311076480871,
0.088701952494623,0.186634291735526,0.378101953529492,
0.084829875019946,0.211795861795481,0.390241447164258,
0.088014997304901,0.153773301894004,0.395693683359893,
0.088308966418683,0.094266002244885,0.399202068763881,
0.08715105715041,0.056582793930515,0.391922007584363,
0.083353918678659,0.028998134654899,0.386834478973012,
0.083578028927217,0.04416414513664,0.328221645347307,
0.077120915938233,0.107974009376934,0.286751729178756,
0.074432666516476,0.089226571360713,0.238776995767058,
0.076037285810872,0.041906249992017,0.153446665421657,
0.075101107974514,0.048831440224399,0.068455121778545,
0.073693606223605,0.07629823115189,4.68262790173024E-05,
0.074687215656659,0.085375782493705,0.064580751185397,
0.077671148203498,0.101686046226424,0.121229991093596,
0.083824758878093,0.124073155401201,0.154986789718946,
0.093320024509938,0.138710274481261,0.174062345585395,
0.103559241065127,0.173018706485381,0.174400592372019,
0.109517764413574,0.242375991745553,0.164000536297168,
0.113259184544341,0.307722193360608,0.134818026846143,
0.119706485012695,0.328388979218719,0.116747351412573,
0.126283441540448,0.324845366530568,0.121131256254432,
0.135181336072209,0.297453728720242,0.108968925496222,
0.146626287597617,0.220271054294787,0.116146285022996,
0.150615545210141,0.157411222675431,0.132496367361196,
0.148050324607877,0.152614527241904,0.131452202959277,
0.14588301169829,0.13576821580417,0.126818867122646,
0.143354449681098,0.139659798367767,0.099638642847321,
0.142644044024574,0.097589826057117,0.09586867107083,
0.141215239831047,0.099023699301772,0.049732139985743,
0.13969141648306,0.064603269175106,0.048454365418785,
0.134820698523563,0.11053092081586,0.002694275774207,
0.129816376471181,0.121759381485073,0.006527414779259,
0.119870681834762,0.168757770693629,0.03750415829138,
0.112141739292881,0.168054952530237,0.006324035798013,
0.099165543025297,0.19566395808986,0.002162530236611,
0.090593778047024,0.149578567034833,0.038676803779476,
0.07920565142657,0.078113436666657,0.088652387926019,
0.059503831732093,0.024096980361527,0.182510089658937,
0.039802276562857,0.016225421005566,0.237231799685124,
0.017121853590485,0.019186334291566,0.311556907071506,
0.003712635599827,0.062504291062408,0.368904766517399,
0.027096508443423,0.122338306363965,0.43573795911179,
0.047846129433233,0.169385264425177,0.491507940596119,
0.064813865206787,0.201705328714582,0.536888061552647,
0.0744498069767,0.195134703189833,0.566546107763137,
0.074406831733956,0.204754185697535,0.555786720449338,
0.068300604817375,0.194041216897969,0.527625493678318,
0.058823065756245,0.195375117083014,0.482064846903783,
0.043374143593458,0.200894086941309,0.405548388800913,
0.026283598707176,0.195220680812841,0.322288895507713,
0.010410966872561,0.23661619626591,0.207569127549195,
0.002528636357873,0.280135553205922,0.079233564833767,
0.014834431866163,0.297029066927111,0.058252367128369,
0.024233897759904,0.302452301932039,0.191460528327129,
0.03125934491582,0.284560170375554,0.325260234002426,
0.03856457895295,0.257485854769381,0.427110513985353,
0.041793126739764,0.282947588401194,0.501446005249589,
0.053790886146785,0.267170027962327,0.551099897824919,
0.069275459039568,0.242783886168396,0.585119365601408,
0.09529716658819,0.21010940534489,0.583096293041231,
0.116606352912917,0.178073832284533,0.591762523163764,
0.130497751747361,0.12352235191497,0.619778538181564,
0.129835414992435,0.093747809937993,0.671758258415798,
0.117962288244196,0.06248568897884,0.735710064817966,
0.104089085151863,0.037279465308481,0.786890864022597,
0.099652535964358,0.064386067512732,0.802376638189772,
0.106084911466733,0.08604794403395,0.781907096469348,
0.116423274438045,0.03771110996003,0.741159369285986,
0.126281859932419,0.038220738612333,0.680748801573613,
0.134474638910727,0.100165305950098,0.597894381311578,
0.13834552878551,0.099247891283503,0.507700204508003,
0.13508153841114,0.08173483790028,0.421355064855782,
0.127871499994852,0.064118426492068,0.332133593310938,
0.118356584226769,0.024737650739884,0.243033112986852,
0.105500205787781,0.02879342013094,0.172355853661816,
0.093650613451264,0.075199693587128,0.094165125788632,
0.081318288657671,0.137943026909645,0.019870994178483,
0.069646270532402,0.192987248249213,0.064839523757244,
0.060148677689861,0.234697469172165,0.137004361454582,
0.05602291436731,0.240782814852018,0.20709623101977,
0.056373980949596,0.219358950905347,0.270725699171135,
0.059547942921679,0.201686290010299,0.311063088260663,
0.065751181937716,0.186861490418517,0.329274999427318,
0.072588773949398,0.186413364323857,0.331496832351835,
0.081172966098735,0.21321857576409,0.297063501125572,
0.082082019960498,0.273232812023339,0.264045208197535,
0.077445387809368,0.350296199363336,0.207861582462029,
0.075604955853133,0.373792709309127,0.162493893300468,
0.072756886166993,0.385833813559807,0.10828903886283,
0.076467455380863,0.336767006758717,0.092897485463252,
0.067416067426219,0.350871140501966,0.049048178789272,
0.058203065525369,0.35365924913093,0.018021147138789,
0.045314081178914,0.371000113266053,0.015733241628831,
0.031871973621327,0.38709161586862,0.059653771609521,
0.029321270833244,0.346836759327607,0.07880026300757,
0.025832484744246,0.308986414454619,0.105700757075535,
0.030891521860311,0.202559385363076,0.121827967798024,
0.030339280989828,0.121351653676689,0.141175292230605,
0.028016058502323,0.045511818541895,0.164202305028717,
0.023786901586491,0.024621481073676,0.198941178545367,
0.019880920305918,0.038135539907074,0.236170855374053,
0.015428404094761,0.074128790477754,0.274702018022166,
0.01164380897183,0.095980298937831,0.305885391156461,
0.008967059263098,0.106768723035176,0.32687339372937,
0.00175203208169,0.158689001085433,0.354653277973674,
0.001876317603742,0.146278070584172,0.353715568668651,
0.004056101299747,0.137488455031374,0.331198550253071,
0.002048931302706,0.173373510364352,0.310188967156095,
0.003191156185011,0.167127746169933,0.28264598536632,
0.006820643546636,0.106172919559722,0.257520119957697,
0.011495489394831,0.007474379810427,0.211085171161473,
0.011646858058376,0.076164744778657,0.173526303377844,
0.012068163950587,0.115734796298087,0.140781031710372,
0.016042470995188,0.110087375143855,0.108317623780816,
0.023044470300338,0.072183379594541,0.07326851179438,
0.031063393484556,0.020426995774188,0.033113970001506,
0.038925038706723,0.013528108390443,0.025560430542018,
0.046374254114614,0.053775185266294,0.07947891658001,
0.053044150320928,0.102177612872581,0.129155684997069,
0.060788326282956,0.118824540274137,0.177388067239953,
0.071414495209476,0.133331346618175,0.19480943619786,
0.080782061996184,0.131129385324822,0.232530258337167,
0.089922045058567,0.177171965023359,0.234220246506807,
0.098593582978199,0.172048733916112,0.262621205923171,
0.106735532683697,0.182104054014313,0.273655252879757,
0.11655912305646,0.192628219887181,0.260815114223778,
0.127106368878737,0.179712102510105,0.245745059655324,
0.134887923594733,0.196627430100235,0.213705614623256,
0.137521885878902,0.250389436464979,0.162723793385264,
0.133132777943913,0.327156123362632,0.090284528984139,
0.122739307171515,0.4016475632487,0.007259581260634,
0.118403673218979,0.418566527517718,0.114578792199428,
0.113308466272272,0.41216938301349,0.227389859455757,
0.107259192459281,0.40533983926596,0.306985455488803,
0.09704020521808,0.428148601645374,0.358821668734368,
0.08907520024646,0.459598178471955,0.384268917195889,
0.098672281508659,0.432567095212111,0.389590389289969,
0.126200655813262,0.322111515665284,0.387077984457694,
0.141062026379481,0.216749842948982,0.420492867724868,
0.143368565690406,0.153850614837323,0.471833640886736,
0.134213296782064,0.160307531705574,0.538167557919369,
0.126134288300684,0.191543274367492,0.588196213165046,
0.113830673054135,0.238932576958972,0.638338587108278,
0.109724082467605,0.20475343614035,0.678301663509359,
0.107810569646499,0.193152592887054,0.699651202347483,
0.10492604349968,0.230937334951729,0.707473643679923,
0.105529648186936,0.218794075307871,0.711285375206855,
0.108321451269382,0.157659695373379,0.712806681375946,
0.113623092046103,0.069823755582208,0.702841349598381,
0.114092828646081,0.011167314534142,0.694648315303843,
0.108281705541019,0.005935952754314,0.697707734681436,
0.10663366528169,0.048534325617563,0.68775116630869,
0.107393454329336,0.081043604522887,0.668671678454777,
0.111916573233961,0.078656967693519,0.639461686190067,
0.116241572279061,0.083636176561794,0.607123672263204,
0.120964616865191,0.089413081691549,0.570137773072638,
0.124819425438696,0.082111305834165,0.533334248183679,
0.130304846657592,0.065226650747889,0.487123158517707,
0.133640704993556,0.06974254731105,0.439814618476965,
0.134719427176739,0.070950349411919,0.394974401583897,
0.140789940530835,0.055935895976402,0.317314875423028,
0.144103235565177,0.051520367052346,0.232265842987008,
0.146551659967981,0.03536748099487,0.119782035247027,
0.143472831873521,0.037221244253917,0.01631436030604,
0.137036524100464,0.037518208536841,0.091857554038935,
0.12980063125447,0.036861390120145,0.175100644757885,
0.121734901024786,0.044367456021429,0.254489161074555,
0.115188107637756,0.063783568511961,0.313060211804847,
0.107517606949402,0.10785660701499,0.36335559056716,
0.098518344576752,0.159746627883813,0.403444719644404,
0.087918127534387,0.198816659771515,0.440206350015323,
0.072760604823668,0.221029487861062,0.488732402530794,
0.053041239738497,0.255987966952815,0.535923587627108,
0.035791464500082,0.250971190971084,0.576504465878559,
0.018284514045045,0.242774616633491,0.607085592407736,
0.003777026449606,0.220576222709049,0.644989956422048,
0.017138766005842,0.207854952284758,0.643186766771018,
0.025878521239648,0.155674041470457,0.628132741959061,
0.034739289889456,0.138279035544449,0.604197311621965,
0.020007525263532,0.172289471769702,0.479030343408664,
0.013621270820015,0.213622073423066,0.369664463623905,
0.012288190166195,0.316882325249858,0.21428678318291,
0.02122525858068,0.411011703544416,0.075525732925119,
0.024005027551329,0.443014279481021,0.051768417263953,
0.028868380820608,0.460530118616867,0.204766989708663,
0.022112483581764,0.394995289754436,0.334049852608153,
0.011214279067696,0.301202334120232,0.40764656719563,
0.000532888670187,0.24620438309006,0.422720123622845,
0.007937643906551,0.239001338599905,0.428557487199241,
0.018539127724012,0.21653977895663,0.424495000964819,
0.022916412205,0.188183240875037,0.450181353797148,
0.022239601771942,0.164232961147066,0.489039201034892,
0.022388081806854,0.135867374989032,0.514604985808591,
0.019995686774387,0.132898456587281,0.533023047473157,
0.020535505444675,0.082579572124153,0.535896450650898,
0.020596417654462,0.007505854322955,0.525039065019755,
0.020581119330128,0.060786414855945,0.493657740730628,
0.022983410731171,0.106155561953036,0.434233350433103,
0.025501145654619,0.117155393318411,0.363152851932987,
0.029147616761622,0.116100862072092,0.272187815051901,
0.03196434329946,0.084758244518421,0.186187181142942,
0.035121348012229,0.05252553697923,0.09333155774271,
0.039193560409302,0.003922974461168,0.010613000276046,
0.043440381500566,0.054333622860911,0.109872305169932,
0.048977885626969,0.122686045372584,0.192604129814213,
0.056430199093532,0.186597846390442,0.265902859362887,
0.103352678235013,0.279952310574425,0.282213495461305,
0.151099858174587,0.375929335562329,0.263699898228693,
0.215624119599016,0.420466016853142,0.142974064583523,
0.292418256507563,0.376587055406579,0.020952207571251,
0.365680987329987,0.267865427846074,0.14198503033774,
0.407694724603101,0.228586849733199,0.244605467624894,
0.424188479365686,0.296140842138234,0.302093031737313,
0.415017786666602,0.37391120238895,0.392236647225899,
0.440544491481754,0.319753837509176,0.422959920891633,
0.481086980553101,0.272374825753571,0.364461888226846,
0.523112351605694,0.183906145732935,0.286134523022542,
0.556342268444378,0.065246494542915,0.191071195537526,
0.534859209540052,0.142370123417895,0.283941941370656,
0.490104805886328,0.273627418085714,0.387521645741135,
0.432321202034284,0.335633734001724,0.527340017004384,
0.431718747297261,0.245900916087105,0.574222583383425,
0.464756485015548,0.102309347066336,0.541359457341189,
0.507906388141584,0.02031922016182,0.458473597931495,
0.539094437803212,0.010126815576668,0.40654743493113,
0.538219236327198,0.063568782647729,0.462050018469986,
0.427713233830815,0.057228834460778,0.737383701303919,
0.225896630310657,0.123077719553269,1.04830950977378,
0.198280040296561,0.429886093860788,1.07488081135494,
0.27487613016002,0.61319274971022,0.942442693284489,
0.325331553336547,0.600389712909891,0.888186439193978,
0.458657221075159,0.271734073116895,0.806440502270485,
0.528032109578418,0.102581442530883,0.744241235393557,
0.39621264248425,0.419361078077409,0.890826781965143,
0.109749313081023,0.459982458761292,1.23702493612353,
0.163210388654669,0.056927719060273,1.20464683164093,
0.349982230965574,0.349720703655144,0.975806492651348,
0.430828481614162,0.472784666821921,0.824242322124616,
0.28290034431351,0.293519406212288,1.05085160128587,
0.043732163518251,0.183175325060164,1.30438973679415,
0.043683470838839,0.322471460334277,1.37929278856952,
0.188549056164783,0.16141356582051,1.13758798231603,
0.312167417442964,0.589842374317802,0.889166570342162,
0.284846798367126,0.668293863167644,0.880402142982849,
0.164553356148584,0.374511845753853,1.1197235418868,
0.045766492752629,0.092120593697359,1.35431219189282,
0.027199812715282,0.26108573570991,1.26849941628505,
0.253309108809789,0.144469876108396,1.00287149621084,
0.407212501112678,0.401430850787525,0.710850978473343,
0.378753766884378,0.431926215135742,0.742263356802242,
0.269036743643937,0.101857900649747,0.966761032048832,
0.081069244961682,0.36430875981901,1.17914443453039,
0.005152393406939,0.509568070120472,1.25074519947949,
0.187024450974629,0.157078949666689,1.04954007069909,
0.372896678964951,0.283403668413573,0.739390285329987,
0.426586270854479,0.324283861901743,0.5844595320265,
0.366062708026814,0.086954000804253,0.728649161956034,
0.232112169076082,0.334507067746038,0.891381861613749,
0.252975996156046,0.403869860503468,0.809796873173348,
0.36916841284456,0.19852223281573,0.595874546901635,
0.454928255269473,0.103561241117292,0.307073595763986,
0.451273866989429,0.135622495609336,0.234943005763163,
0.444744612276608,0.011370723413391,0.253972557542688,
0.415051638323159,0.032361932715651,0.358897456496009,
0.387734279881889,0.136631636021859,0.418222586429219,
0.394951587615973,0.211400397668968,0.332653871765766,
0.404345790105576,0.268276796166668,0.158252108520837,
0.402576582015194,0.247899899389487,0.008062505548045,
0.38099107883657,0.249074374774127,0.12830102466248,
0.35316785868349,0.094787768043485,0.323586986938719,
0.300714480208569,0.029693336012345,0.477746875345155,
0.246375338533825,0.022041884541068,0.605872513770722,
0.222694830125283,0.032074698762867,0.656895084829551,
0.243721492539653,0.018405700555301,0.615120616781166,
0.263248713094089,0.011404755915208,0.588815484661356,
0.270757684928414,0.060954257275189,0.604915619166214,
0.304069103513349,0.104221812429195,0.573465836436603,
0.364710567119663,0.170943755517013,0.482011963909927,
0.429484808544403,0.250682909255276,0.375159068102945,
0.517791319163186,0.246323433437913,0.222866097832426,
0.605083500646938,0.218669383904368,0.065389138949463,
0.677625553721203,0.223476215377604,0.063114378542132,
0.739286389191157,0.24707602595166,0.192903105661318,
0.786375176334762,0.312811530522584,0.301656759982845,
0.838540857325403,0.383462326080844,0.368803195130111,
0.926025722479965,0.442342542941428,0.354826224070649,
1.05083701906532,0.5092857055904,0.225051622272367,
1.19887924511008,0.547566688289094,0.007551185414146,
1.3496537170673,0.557889909527262,0.20336272576285,
1.50636534835397,0.573026053974951,0.352460099944889,
1.6488009764685,0.630549289873399,0.468982814722974,
1.78572843327847,0.710601804881472,0.565578809404728,
1.93433820113447,0.782152932432929,0.657091101225972,
2.10762709526993,0.841040395423859,0.735562922918673,
2.2889205265913,0.900037091365773,0.802992540992176,
2.43066652696504,0.970981351134036,0.878544542742152,
2.50686387621816,1.05648371698592,0.964536732514441,
2.53306460495534,1.14784396612048,1.05037822805874,
2.47860537739323,1.24601099787898,1.14604787535354,
2.31913337117745,1.35028098392796,1.25732026573944,
2.03339804971203,1.46116221628361,1.38524209042809,
1.51445827118935,1.59433284216878,1.54628148698473,
0.706427085667248,1.75645381689246,1.73637257246968,
0.023949806916146,0.176025027393921,0.092278886272308,
0.170498583763465,0.200512524290471,0.316660864830172,mean values
